Type,Name,Request Count,Failure Count,Median Response Time,Average Response Time,Min Response Time,Max Response Time,Average Content Size,Requests/s,Failures/s,50%,66%,75%,80%,90%,95%,98%,99%,99.90%,99.99%,100%
GET,/,12,0,2014.8505,2022.0279,2014.8505,2032.0403,0,1.096971368,0.049697137,2000,2000,2000,2000,2000,2000,2000,2000,2000,2000,2000
GET,/about/,9,9,2025.1831,2026.838667,2025.1831,2027.7348,0,1.049697137,0.049697137,2000,2000,2000,2000,2000,2000,2000,2000,2000,2000,2000
POST,/login,1,1,2031.7056,2031.7056,2031.7056,2031.7056,0,0.816565712,0.016565712,2000,2000,2000,2000,2000,2000,2000,2000,2000,2000,2000
GET,/static/assets.js,12,12,2013.1752,2024.278267,2013.1752,2031.3788,0,1.049697137,0.049697137,2000,2000,2000,2000,2000,2000,2000,2000,2000,2000,2000
,Aggregated,34,22,2013.1752,2025.11401,2013.1752,2032.0403,0,3.865657123,0.165657123,2000,2000,2000,2000,2000,2000,2000,2000,2000,2000,2000
